date;time;x;y;fx;fy
19/12/2022;11:39:33.692;120;-120;0;0
19/12/2022;11:39:33.755;120;-120;0;0
19/12/2022;11:39:33.817;120;-120;0;0
19/12/2022;11:39:33.880;120;-120;0;0
19/12/2022;11:39:33.942;120;-120;0;0
19/12/2022;11:39:34.005;120;-120;0;0
19/12/2022;11:39:34.067;120;-120;0;0
19/12/2022;11:39:34.130;120;-120;0;0
19/12/2022;11:39:34.192;120;-120;0;0
19/12/2022;11:39:34.255;120;-120;0;0
19/12/2022;11:39:34.317;120;-120;0;0
19/12/2022;11:39:34.380;120;-120;0;0
19/12/2022;11:39:34.442;120;-120;0;0
19/12/2022;11:39:34.505;120;-120;0;0
19/12/2022;11:39:34.567;120;-120;0;0
19/12/2022;11:39:34.630;120;-120;0;0
19/12/2022;11:39:34.692;120;-120;0;0
19/12/2022;11:39:34.755;120;-120;0;0
19/12/2022;11:39:34.818;120;-120;0;0
19/12/2022;11:39:34.880;120;-116;0;317
19/12/2022;11:39:34.942;120;-113;0;317
19/12/2022;11:39:35.005;120;-109;0;317
19/12/2022;11:39:35.067;120;-102;0;317
19/12/2022;11:39:35.130;120;-98;0;317
19/12/2022;11:39:35.192;120;-95;0;161
19/12/2022;11:39:35.255;120;-90;0;161
19/12/2022;11:39:35.317;120;-88;0;161
19/12/2022;11:39:35.380;120;-85;0;161
19/12/2022;11:39:35.442;120;-83;0;161
19/12/2022;11:39:35.505;120;-81;0;147
19/12/2022;11:39:35.567;120;-77;0;147
19/12/2022;11:39:35.630;120;-74;0;147
19/12/2022;11:39:35.693;120;-72;0;147
19/12/2022;11:39:35.755;120;-70;0;147
19/12/2022;11:39:35.817;120;-67;0;120
19/12/2022;11:39:35.880;120;-65;0;120
19/12/2022;11:39:35.942;120;-64;0;120
19/12/2022;11:39:36.005;120;-62;0;120
19/12/2022;11:39:36.067;120;-58;0;126
19/12/2022;11:39:36.130;120;-57;0;126
19/12/2022;11:39:36.193;120;-55;0;126
19/12/2022;11:39:36.255;120;-53;0;126
19/12/2022;11:39:36.317;120;-50;0;126
19/12/2022;11:39:36.380;120;-48;0;138
19/12/2022;11:39:36.442;120;-46;0;138
19/12/2022;11:39:36.505;120;-44;0;138
19/12/2022;11:39:36.567;120;-40;0;138
19/12/2022;11:39:36.630;120;-38;0;138
19/12/2022;11:39:36.692;120;-36;0;216
19/12/2022;11:39:36.755;120;-29;0;216
19/12/2022;11:39:36.817;120;-26;0;216
19/12/2022;11:39:36.880;120;-23;0;216
19/12/2022;11:39:36.942;120;-20;0;216
19/12/2022;11:39:37.005;120;-16;0;169
19/12/2022;11:39:37.068;120;-11;0;169
19/12/2022;11:39:37.130;120;-9;0;169
19/12/2022;11:39:37.192;120;-6;0;169
19/12/2022;11:39:37.255;120;-1;0;169
19/12/2022;11:39:37.317;120;0;0;186
19/12/2022;11:39:37.380;120;3;0;186
19/12/2022;11:39:37.443;120;5;0;186
19/12/2022;11:39:37.505;120;8;0;186
19/12/2022;11:39:37.567;120;13;0;186
19/12/2022;11:39:37.630;120;15;0;135
19/12/2022;11:39:37.693;120;17;0;135
19/12/2022;11:39:37.755;120;21;0;135
19/12/2022;11:39:37.817;120;23;0;135
19/12/2022;11:39:37.880;120;25;0;135
19/12/2022;11:39:37.942;120;27;0;135
19/12/2022;11:39:38.005;120;30;0;197
19/12/2022;11:39:38.067;120;37;0;197
19/12/2022;11:39:38.130;120;40;0;197
19/12/2022;11:39:38.192;120;43;0;197
19/12/2022;11:39:38.255;120;49;0;115
19/12/2022;11:39:38.317;120;50;0;115
19/12/2022;11:39:38.380;120;52;0;115
19/12/2022;11:39:38.442;120;53;0;115
19/12/2022;11:39:38.505;120;55;0;115
19/12/2022;11:39:38.567;120;58;0;270
19/12/2022;11:39:38.630;120;63;0;270
19/12/2022;11:39:38.692;120;68;0;270
19/12/2022;11:39:38.755;120;73;0;270
19/12/2022;11:39:38.817;120;82;0;270
19/12/2022;11:39:38.880;120;86;0;33
19/12/2022;11:39:38.942;120;86;0;33
19/12/2022;11:39:39.005;120;86;0;33
19/12/2022;11:39:39.068;120;86;0;33
19/12/2022;11:39:39.130;120;86;0;33
19/12/2022;11:39:39.193;120;86;0;33
19/12/2022;11:39:39.255;120;89;0;404
19/12/2022;11:39:39.318;120;97;0;404
19/12/2022;11:39:39.380;120;100;0;404
19/12/2022;11:39:39.443;120;104;0;404
19/12/2022;11:39:39.505;120;108;0;404
19/12/2022;11:39:39.568;120;114;0;217
19/12/2022;11:39:39.630;120;118;0;217
19/12/2022;11:39:39.693;120;121;0;217
19/12/2022;11:39:39.755;120;124;0;217
19/12/2022;11:39:39.818;120;129;0;0
19/12/2022;11:39:39.880;120;129;0;0
19/12/2022;11:39:39.943;120;129;0;0
19/12/2022;11:39:40.005;120;129;0;0
19/12/2022;11:39:40.068;120;129;0;0
19/12/2022;11:39:40.130;120;129;0;0
19/12/2022;11:39:40.193;120;129;0;0
19/12/2022;11:39:40.255;120;129;0;0
19/12/2022;11:39:40.318;120;129;0;-34
19/12/2022;11:39:40.380;120;129;0;-34
19/12/2022;11:39:40.443;120;129;0;-34
19/12/2022;11:39:40.505;120;129;0;-34
19/12/2022;11:39:40.568;120;129;0;-32
19/12/2022;11:39:40.630;120;129;0;-32
19/12/2022;11:39:40.693;120;129;0;-32
19/12/2022;11:39:40.755;120;129;0;-32
19/12/2022;11:39:40.818;120;129;0;-32
19/12/2022;11:39:40.880;120;128;0;-125
19/12/2022;11:39:40.943;120;127;0;-125
19/12/2022;11:39:41.005;120;125;-36;-125
19/12/2022;11:39:41.068;120;121;-36;-125
19/12/2022;11:39:41.130;120;120;-36;-125
19/12/2022;11:39:41.193;120;118;-36;-130
19/12/2022;11:39:41.255;120;114;-127;-130
19/12/2022;11:39:41.318;118;113;-127;-130
19/12/2022;11:39:41.380;116;111;-127;-130
19/12/2022;11:39:41.443;114;109;-127;-130
19/12/2022;11:39:41.505;113;108;-127;-130
19/12/2022;11:39:41.568;109;107;-127;-76
19/12/2022;11:39:41.630;106;107;-361;-76
19/12/2022;11:39:41.693;102;107;-361;-76
19/12/2022;11:39:41.755;95;107;-361;-76
19/12/2022;11:39:41.818;91;107;-361;-80
19/12/2022;11:39:41.880;87;107;-361;-80
19/12/2022;11:39:41.943;83;107;-331;-80
19/12/2022;11:39:42.005;79;107;-331;-80
19/12/2022;11:39:42.068;72;107;-331;-80
19/12/2022;11:39:42.130;68;106;-331;-153
19/12/2022;11:39:42.193;63;104;-331;-153
19/12/2022;11:39:42.255;54;100;-314;-153
19/12/2022;11:39:42.318;50;98;-314;-153
19/12/2022;11:39:42.380;46;95;-314;-153
19/12/2022;11:39:42.443;41;92;-314;-575
19/12/2022;11:39:42.505;33;83;-127;-575
19/12/2022;11:39:42.568;31;79;-127;-575
19/12/2022;11:39:42.630;30;76;-127;-575
19/12/2022;11:39:42.693;28;72;-127;-575
19/12/2022;11:39:42.755;24;65;-127;-569
19/12/2022;11:39:42.818;22;62;-194;-569
19/12/2022;11:39:42.880;19;58;-194;-569
19/12/2022;11:39:42.943;16;55;-194;-569
19/12/2022;11:39:43.005;12;51;-194;-569
19/12/2022;11:39:43.068;6;44;-194;-524
19/12/2022;11:39:43.130;3;41;-104;-524
19/12/2022;11:39:43.193;3;37;-104;-524
19/12/2022;11:39:43.255;3;30;-104;-524
19/12/2022;11:39:43.318;3;26;-104;-532
19/12/2022;11:39:43.396;3;23;-104;-532
19/12/2022;11:39:43.458;0;15;-238;-532
19/12/2022;11:39:43.536;-3;12;-238;-532
19/12/2022;11:39:43.599;-6;9;-238;-532
19/12/2022;11:39:43.646;-9;5;-238;-532
19/12/2022;11:39:43.708;-16;0;-238;-506
19/12/2022;11:39:43.771;-20;-4;-238;-506
19/12/2022;11:39:43.833;-22;-8;-187;-506
19/12/2022;11:39:43.896;-24;-13;-187;-506
19/12/2022;11:39:43.958;-27;-17;-187;-506
19/12/2022;11:39:44.021;-31;-26;-187;-490
19/12/2022;11:39:44.083;-34;-30;-187;-490
19/12/2022;11:39:44.146;-37;-34;-213;-490
19/12/2022;11:39:44.208;-40;-37;-213;-490
19/12/2022;11:39:44.271;-47;-44;-213;-362
19/12/2022;11:39:44.334;-50;-47;-213;-362
19/12/2022;11:39:44.380;-53;-51;-213;-362
19/12/2022;11:39:44.443;-56;-54;-127;-362
19/12/2022;11:39:44.505;-59;-61;-127;-362
19/12/2022;11:39:44.568;-61;-65;-127;-265
19/12/2022;11:39:44.631;-63;-70;-127;-265
19/12/2022;11:39:44.693;-64;-75;-127;-265
19/12/2022;11:39:44.771;-67;-85;-126;-265
19/12/2022;11:39:44.834;-69;-89;-126;-265
19/12/2022;11:39:44.896;-71;-94;-126;-161
19/12/2022;11:39:44.958;-72;-96;-126;-161
19/12/2022;11:39:45.021;-76;-100;-179;-161
19/12/2022;11:39:45.084;-79;-103;-179;-161
19/12/2022;11:39:45.146;-81;-105;-179;-161
19/12/2022;11:39:45.209;-86;-110;-179;-159
19/12/2022;11:39:45.287;-89;-113;-179;-159
19/12/2022;11:39:45.333;-91;-115;-331;-159
19/12/2022;11:39:45.396;-96;-118;-331;-159
19/12/2022;11:39:45.474;-105;-122;-331;-97
19/12/2022;11:39:45.537;-109;-122;-331;-97
19/12/2022;11:39:45.599;-112;-122;-331;-97
19/12/2022;11:39:45.662;-116;-122;-138;-97
19/12/2022;11:39:45.724;-120;-122;-138;-97
19/12/2022;11:39:45.787;-122;-122;-138;-97
19/12/2022;11:39:45.849;-124;-122;-138;-74
19/12/2022;11:39:45.912;-126;-122;-138;-74
19/12/2022;11:39:45.959;-128;-122;0;-74
19/12/2022;11:39:46.021;-128;-122;0;-74
19/12/2022;11:39:46.084;-128;-122;0;-74
19/12/2022;11:39:46.130;-128;-122;0;-51
19/12/2022;11:39:46.193;-128;-122;0;-51
19/12/2022;11:39:46.271;-128;-122;0;-51
19/12/2022;11:39:46.318;-128;-122;0;-51
19/12/2022;11:39:46.380;-128;-122;0;-51
19/12/2022;11:39:46.443;-128;-122;0;-44
19/12/2022;11:39:46.506;-128;-122;0;-44
19/12/2022;11:39:46.568;-128;-122;-50;-44
19/12/2022;11:39:46.630;-128;-122;-50;-44
19/12/2022;11:39:46.693;-128;-122;-50;-44
19/12/2022;11:39:46.755;-128;-122;-50;0
19/12/2022;11:39:46.818;-128;-122;-50;0
19/12/2022;11:39:46.880;-128;-122;0;0
19/12/2022;11:39:46.943;-128;-122;0;0
19/12/2022;11:39:47.005;-128;-122;0;0
19/12/2022;11:39:47.068;-128;-122;0;0
19/12/2022;11:39:47.130;-128;-122;0;0
19/12/2022;11:39:47.209;-128;-122;0;0
19/12/2022;11:39:47.271;-128;-122;0;0
19/12/2022;11:39:47.318;-128;-122;0;0
19/12/2022;11:39:47.381;-128;-122;0;0
19/12/2022;11:39:47.443;-128;-122;0;0
19/12/2022;11:39:47.506;-128;-122;0;0
19/12/2022;11:39:47.568;-128;-122;76;0
19/12/2022;11:39:47.631;-128;-122;76;0
19/12/2022;11:39:47.693;-128;-122;76;0
19/12/2022;11:39:47.771;-128;-122;76;0
19/12/2022;11:39:47.834;-128;-122;76;0
19/12/2022;11:39:47.881;-128;-122;76;0
19/12/2022;11:39:47.943;-125;-122;304;0
19/12/2022;11:39:48.021;-118;-122;304;0
19/12/2022;11:39:48.068;-115;-122;304;0
19/12/2022;11:39:48.131;-111;-122;304;0
19/12/2022;11:39:48.193;-107;-122;304;0
19/12/2022;11:39:48.271;-106;-122;36;0
19/12/2022;11:39:48.318;-106;-122;36;0
19/12/2022;11:39:48.381;-106;-122;36;0
19/12/2022;11:39:48.443;-106;-122;36;0
19/12/2022;11:39:48.506;-106;-122;36;0
19/12/2022;11:39:48.568;-99;-122;278;0
19/12/2022;11:39:48.646;-94;-122;278;0
19/12/2022;11:39:48.709;-89;-122;278;0
19/12/2022;11:39:48.771;-80;-122;278;0
19/12/2022;11:39:48.849;-78;-122;0;0
19/12/2022;11:39:48.912;-78;-122;0;0
19/12/2022;11:39:48.975;-78;-122;0;0
19/12/2022;11:39:49.021;-78;-122;0;0
19/12/2022;11:39:49.084;-78;-122;0;38
19/12/2022;11:39:49.146;-78;-122;56;38
19/12/2022;11:39:49.209;-78;-122;56;38
19/12/2022;11:39:49.271;-78;-122;56;38
19/12/2022;11:39:49.334;-78;-122;56;38
19/12/2022;11:39:49.396;-78;-122;56;40
19/12/2022;11:39:49.459;-78;-122;152;40
19/12/2022;11:39:49.521;-74;-122;152;40
19/12/2022;11:39:49.584;-72;-122;152;40
19/12/2022;11:39:49.646;-70;-122;152;40
19/12/2022;11:39:49.709;-67;-122;152;68
19/12/2022;11:39:49.771;-63;-122;205;68
19/12/2022;11:39:49.834;-60;-122;205;68
19/12/2022;11:39:49.896;-57;-122;205;68
19/12/2022;11:39:49.959;-54;-122;205;68
19/12/2022;11:39:50.021;-47;-122;205;85
19/12/2022;11:39:50.099;-44;-122;205;85
19/12/2022;11:39:50.162;-41;-122;196;85
19/12/2022;11:39:50.193;-37;-122;196;85
19/12/2022;11:39:50.271;-31;-122;196;85
19/12/2022;11:39:50.349;-28;-122;196;0
19/12/2022;11:39:50.428;-24;-122;0;0
19/12/2022;11:39:50.459;-24;-122;0;0
19/12/2022;11:39:50.537;-24;-122;0;0
19/12/2022;11:39:50.599;-24;-122;0;0
19/12/2022;11:39:50.662;-24;-122;0;44
19/12/2022;11:39:50.709;-24;-122;0;44
19/12/2022;11:39:50.787;-19;-122;205;44
19/12/2022;11:39:50.865;-12;-122;205;44
19/12/2022;11:39:50.912;-12;-122;205;44
19/12/2022;11:39:50.974;-6;-122;205;30
19/12/2022;11:39:51.021;-4;-122;0;30
19/12/2022;11:39:51.115;-4;-122;0;30
19/12/2022;11:39:51.146;-4;-122;0;30
19/12/2022;11:39:51.225;-4;-122;0;77
19/12/2022;11:39:51.303;-4;-122;0;77
19/12/2022;11:39:51.334;-4;-122;175;77
19/12/2022;11:39:51.412;-1;-122;175;77
19/12/2022;11:39:51.459;1;-122;175;77
19/12/2022;11:39:51.521;6;-122;175;0
19/12/2022;11:39:51.600;8;-122;175;0
19/12/2022;11:39:51.662;10;-122;45;0
19/12/2022;11:39:51.709;10;-122;45;0
19/12/2022;11:39:51.771;10;-122;45;0
19/12/2022;11:39:51.834;10;-122;45;46
19/12/2022;11:39:51.897;10;-122;45;46
19/12/2022;11:39:51.959;11;-122;165;46
19/12/2022;11:39:52.037;16;-122;165;46
19/12/2022;11:39:52.100;18;-122;165;46
19/12/2022;11:39:52.162;21;-122;165;44
19/12/2022;11:39:52.225;25;-122;165;44
19/12/2022;11:39:52.287;26;-122;70;44
19/12/2022;11:39:52.334;26;-122;70;44
19/12/2022;11:39:52.381;26;-122;70;44
19/12/2022;11:39:52.443;26;-122;70;44
19/12/2022;11:39:52.506;26;-122;70;83
19/12/2022;11:39:52.568;29;-122;360;83
19/12/2022;11:39:52.646;33;-122;360;83
19/12/2022;11:39:52.709;36;-122;360;83
19/12/2022;11:39:52.771;43;-122;360;55
19/12/2022;11:39:52.834;47;-122;360;55
19/12/2022;11:39:52.897;49;-122;58;55
19/12/2022;11:39:52.959;49;-122;58;55
19/12/2022;11:39:53.022;49;-122;58;55
19/12/2022;11:39:53.100;49;-121;58;155
19/12/2022;11:39:53.162;49;-119;58;155
19/12/2022;11:39:53.209;51;-117;283;155
19/12/2022;11:39:53.272;59;-112;283;155
19/12/2022;11:39:53.350;64;-110;283;155
19/12/2022;11:39:53.412;68;-108;283;155
19/12/2022;11:39:53.459;72;-107;283;0
19/12/2022;11:39:53.522;74;-107;28;0
19/12/2022;11:39:53.584;74;-107;28;0
19/12/2022;11:39:53.647;74;-107;28;0
19/12/2022;11:39:53.709;74;-107;28;0
19/12/2022;11:39:53.787;74;-107;339;0
19/12/2022;11:39:53.850;78;-107;339;0
19/12/2022;11:39:53.912;85;-107;339;0
19/12/2022;11:39:53.959;85;-107;339;0
19/12/2022;11:39:54.022;93;-107;339;50
19/12/2022;11:39:54.084;96;-107;85;50
19/12/2022;11:39:54.162;96;-107;85;50
19/12/2022;11:39:54.225;96;-107;85;50
19/12/2022;11:39:54.303;96;-107;85;50
19/12/2022;11:39:54.334;96;-107;85;66
19/12/2022;11:39:54.397;96;-107;85;66
19/12/2022;11:39:54.475;101;-107;188;66
19/12/2022;11:39:54.553;103;-107;188;66
19/12/2022;11:39:54.584;106;-107;188;66
19/12/2022;11:39:54.647;108;-107;188;66
19/12/2022;11:39:54.709;111;-107;188;104
19/12/2022;11:39:54.787;111;-107;74;104
19/12/2022;11:39:54.850;111;-107;74;104
19/12/2022;11:39:54.912;111;-107;74;104
19/12/2022;11:39:54.959;111;-107;74;27
19/12/2022;11:39:55.037;111;-107;48;27
19/12/2022;11:39:55.100;111;-107;48;27
19/12/2022;11:39:55.162;111;-107;48;27
19/12/2022;11:39:55.225;111;-107;48;27
19/12/2022;11:39:55.287;111;-107;48;0
19/12/2022;11:39:55.334;111;-107;26;0
19/12/2022;11:39:55.397;111;-107;26;0
19/12/2022;11:39:55.475;111;-107;26;0
19/12/2022;11:39:55.537;111;-107;26;0
19/12/2022;11:39:55.600;111;-107;26;45
19/12/2022;11:39:55.647;111;-107;0;45
19/12/2022;11:39:55.709;111;-107;0;45
19/12/2022;11:39:55.772;111;-107;0;45
19/12/2022;11:39:55.834;111;-107;0;45
19/12/2022;11:39:55.912;111;-107;0;85
19/12/2022;11:39:55.975;111;-107;29;85
19/12/2022;11:39:56.022;111;-107;29;85
19/12/2022;11:39:56.084;111;-107;29;85
19/12/2022;11:39:56.162;111;-107;29;85
19/12/2022;11:39:56.225;111;-107;41;104
19/12/2022;11:39:56.272;111;-107;41;104
19/12/2022;11:39:56.334;111;-107;41;104
19/12/2022;11:39:56.397;111;-107;41;104
19/12/2022;11:39:56.459;111;-107;41;29
19/12/2022;11:39:56.537;111;-107;38;29
19/12/2022;11:39:56.569;111;-107;38;29
19/12/2022;11:39:56.647;111;-107;38;29
19/12/2022;11:39:56.709;111;-107;38;29
19/12/2022;11:39:56.772;111;-107;38;29
19/12/2022;11:39:56.850;111;-107;38;0
19/12/2022;11:39:56.897;111;-107;0;0
19/12/2022;11:39:56.959;111;-107;0;0
19/12/2022;11:39:57.022;111;-107;0;0
19/12/2022;11:39:57.084;111;-107;0;0
19/12/2022;11:39:57.162;111;-107;0;0
19/12/2022;11:39:57.225;111;-107;0;0
19/12/2022;11:39:57.287;111;-107;0;0
19/12/2022;11:39:57.334;111;-107;0;0
19/12/2022;11:39:57.397;111;-107;0;0
19/12/2022;11:39:57.459;111;-107;0;0
19/12/2022;11:39:57.522;111;-107;0;0
19/12/2022;11:39:57.584;111;-107;0;0
19/12/2022;11:39:57.663;111;-107;0;0
19/12/2022;11:39:57.725;111;-107;0;28
19/12/2022;11:39:57.772;111;-107;0;28
19/12/2022;11:39:57.834;111;-107;0;28
19/12/2022;11:39:57.913;111;-107;0;28
19/12/2022;11:39:57.975;111;-107;0;28
19/12/2022;11:39:58.006;111;-107;0;28
19/12/2022;11:39:58.084;111;-107;0;110
19/12/2022;11:39:58.162;111;-107;0;110
19/12/2022;11:39:58.225;111;-107;0;110
19/12/2022;11:39:58.288;111;-107;0;110
19/12/2022;11:39:58.335;111;-107;-168;0
19/12/2022;11:39:58.413;109;-107;-168;0
19/12/2022;11:39:58.475;104;-107;-168;0
19/12/2022;11:39:58.538;101;-107;-168;0
19/12/2022;11:39:58.584;99;-107;-168;0
19/12/2022;11:39:58.647;97;-107;-205;203
19/12/2022;11:39:58.725;90;-101;-205;203
19/12/2022;11:39:58.772;87;-97;-205;203
19/12/2022;11:39:58.850;84;-94;-205;203
19/12/2022;11:39:58.913;81;-91;-205;203
19/12/2022;11:39:58.959;78;-88;-205;203
19/12/2022;11:39:59.022;74;-92;-137;1172
19/12/2022;11:39:59.116;72;-94;-137;1172
19/12/2022;11:39:59.147;70;-97;-137;1172
19/12/2022;11:39:59.225;66;-102;-137;1172
19/12/2022;11:39:59.303;64;-99;-112;1894
19/12/2022;11:39:59.350;63;-95;-112;1894
19/12/2022;11:39:59.397;61;-91;-112;1894
19/12/2022;11:39:59.459;60;-87;-112;1894
19/12/2022;11:39:59.538;57;-78;-112;1894
19/12/2022;11:39:59.600;56;-75;-73;1435
19/12/2022;11:39:59.647;56;-71;-73;1435
19/12/2022;11:39:59.710;56;-67;-73;1435
19/12/2022;11:39:59.772;56;-60;-73;1435
19/12/2022;11:39:59.850;56;-56;-73;1435
19/12/2022;11:39:59.913;56;-54;-102;1205
19/12/2022;11:39:59.959;56;-53;-102;1205
19/12/2022;11:40:00.038;56;-50;-102;1205
19/12/2022;11:40:00.100;56;-49;-102;1205
19/12/2022;11:40:00.147;56;-48;-102;1205
19/12/2022;11:40:00.210;56;-48;-102;888
19/12/2022;11:40:00.303;50;-57;-369;888
19/12/2022;11:40:00.335;46;-61;-369;888
19/12/2022;11:40:00.413;41;-66;-369;888
19/12/2022;11:40:00.475;31;-76;-369;1008
19/12/2022;11:40:00.522;27;-80;-100;1008
19/12/2022;11:40:00.600;27;-84;-100;1008
19/12/2022;11:40:00.647;27;-87;-100;1008
19/12/2022;11:40:00.710;27;-91;-100;1008
19/12/2022;11:40:00.788;27;-98;-100;845
19/12/2022;11:40:00.850;27;-102;-42;845
19/12/2022;11:40:00.897;27;-105;-42;845
19/12/2022;11:40:00.975;27;-112;-42;845
19/12/2022;11:40:01.038;27;-116;-42;845
19/12/2022;11:40:01.085;27;-120;-42;845
19/12/2022;11:40:01.147;27;-123;-42;987
19/12/2022;11:40:01.225;27;-131;0;987
19/12/2022;11:40:01.272;27;-135;0;987
19/12/2022;11:40:01.335;27;-140;0;987
19/12/2022;11:40:01.413;27;-145;0;987
19/12/2022;11:40:01.475;27;-138;0;1254
19/12/2022;11:40:01.522;27;-133;0;1254
19/12/2022;11:40:01.600;27;-129;0;1254
19/12/2022;11:40:01.663;27;-125;0;1254
19/12/2022;11:40:01.710;27;-121;0;1254
19/12/2022;11:40:01.788;27;-114;0;488
19/12/2022;11:40:01.850;27;-110;0;488
19/12/2022;11:40:01.897;27;-107;0;488
19/12/2022;11:40:01.960;27;-103;0;488
19/12/2022;11:40:02.038;27;-96;0;573
19/12/2022;11:40:02.100;27;-92;0;573
19/12/2022;11:40:02.147;27;-88;0;573
19/12/2022;11:40:02.210;27;-85;0;573
19/12/2022;11:40:02.288;27;-78;0;573
19/12/2022;11:40:02.350;27;-74;0;432
19/12/2022;11:40:02.397;27;-70;-34;432
19/12/2022;11:40:02.475;27;-63;-34;432
19/12/2022;11:40:02.538;27;-59;-34;432
19/12/2022;11:40:02.585;27;-56;-34;432
19/12/2022;11:40:02.663;27;-52;-34;334
19/12/2022;11:40:02.725;27;-45;-80;334
19/12/2022;11:40:02.772;27;-41;-80;334
19/12/2022;11:40:02.850;27;-38;-80;334
19/12/2022;11:40:02.897;27;-34;-80;334
19/12/2022;11:40:02.960;27;-30;-80;81
19/12/2022;11:40:03.038;25;-30;-123;81
19/12/2022;11:40:03.085;24;-30;-123;81
19/12/2022;11:40:03.163;22;-30;-123;81
19/12/2022;11:40:03.225;18;-30;-123;81
19/12/2022;11:40:03.272;17;-28;-123;238
19/12/2022;11:40:03.366;14;-24;-346;238
19/12/2022;11:40:03.428;7;-18;-346;238
19/12/2022;11:40:03.475;3;-14;-346;238
19/12/2022;11:40:03.522;0;-11;-346;238
19/12/2022;11:40:03.616;-6;-5;-246;202
19/12/2022;11:40:03.678;-10;-1;-246;202
19/12/2022;11:40:03.725;-14;1;-246;202
19/12/2022;11:40:03.819;-18;4;-246;202
19/12/2022;11:40:03.850;-22;7;-246;202
19/12/2022;11:40:03.897;-25;10;-246;163
19/12/2022;11:40:03.975;-34;14;-311;163
19/12/2022;11:40:04.022;-38;17;-311;163
19/12/2022;11:40:04.085;-43;19;-311;163
19/12/2022;11:40:04.163;-47;21;-311;163
19/12/2022;11:40:04.210;-51;23;-311;181
19/12/2022;11:40:04.288;-60;28;-364;181
19/12/2022;11:40:04.351;-65;30;-364;181
19/12/2022;11:40:04.397;-69;32;-364;181
19/12/2022;11:40:04.491;-78;37;-364;148
19/12/2022;11:40:04.538;-82;39;-372;148
19/12/2022;11:40:04.632;-91;43;-372;148
19/12/2022;11:40:04.741;-100;48;-372;148
19/12/2022;11:40:04.788;-104;50;-372;247
19/12/2022;11:40:04.835;-108;53;-372;247
19/12/2022;11:40:04.913;-111;57;-314;247
19/12/2022;11:40:04.960;-115;60;-314;247
19/12/2022;11:40:05.038;-122;66;-314;247
19/12/2022;11:40:05.085;-125;70;-314;348
19/12/2022;11:40:05.179;-135;79;-221;348
19/12/2022;11:40:05.241;-138;83;-221;348
19/12/2022;11:40:05.288;-142;86;-221;348
19/12/2022;11:40:05.335;-145;90;-221;348
19/12/2022;11:40:05.429;-152;97;-221;312
19/12/2022;11:40:05.476;-155;100;-221;312
19/12/2022;11:40:05.538;-156;104;-88;312
19/12/2022;11:40:05.585;-156;107;-88;312
19/12/2022;11:40:05.663;-156;111;-88;312
19/12/2022;11:40:05.710;-156;114;-88;312
19/12/2022;11:40:05.788;-156;122;-88;368
19/12/2022;11:40:05.835;-156;125;-73;368
19/12/2022;11:40:05.913;-156;129;-73;368
19/12/2022;11:40:05.960;-156;130;-73;368
19/12/2022;11:40:06.038;-156;130;-73;368
19/12/2022;11:40:06.085;-156;130;-73;0
19/12/2022;11:40:06.163;-156;130;-52;0
19/12/2022;11:40:06.226;-156;130;-52;0
19/12/2022;11:40:06.273;-156;130;-52;0
19/12/2022;11:40:06.351;-156;130;-52;0
19/12/2022;11:40:06.413;-156;130;0;0
19/12/2022;11:40:06.460;-156;130;0;0
19/12/2022;11:40:06.538;-156;130;0;0
19/12/2022;11:40:06.585;-156;130;0;0
19/12/2022;11:40:06.663;-156;130;0;0
19/12/2022;11:40:06.710;-156;130;0;26
19/12/2022;11:40:06.788;-156;130;0;26
19/12/2022;11:40:06.835;-156;130;0;26
19/12/2022;11:40:06.913;-156;130;0;26
19/12/2022;11:40:06.991;-156;130;0;0
19/12/2022;11:40:07.022;-156;130;64;0
19/12/2022;11:40:07.116;-156;130;64;0
19/12/2022;11:40:07.148;-156;130;64;0
19/12/2022;11:40:07.226;-156;130;64;0
19/12/2022;11:40:07.273;-156;130;64;0
19/12/2022;11:40:07.351;-156;130;108;0
19/12/2022;11:40:07.397;-156;130;108;0
19/12/2022;11:40:07.476;-156;130;108;0
19/12/2022;11:40:07.523;-156;130;108;0
19/12/2022;11:40:07.601;-156;130;108;0
19/12/2022;11:40:07.663;-156;130;108;0
19/12/2022;11:40:07.710;-153;130;216;0
19/12/2022;11:40:07.804;-146;130;216;0
19/12/2022;11:40:07.851;-143;130;216;0
19/12/2022;11:40:07.913;-140;130;216;0
19/12/2022;11:40:07.976;-137;130;216;44
19/12/2022;11:40:08.054;-130;130;285;44
19/12/2022;11:40:08.101;-126;130;285;44
19/12/2022;11:40:08.179;-119;130;285;44
19/12/2022;11:40:08.210;-119;130;285;44
19/12/2022;11:40:08.304;-113;130;106;34
19/12/2022;11:40:08.351;-113;130;106;34
19/12/2022;11:40:08.413;-113;130;106;34
19/12/2022;11:40:08.460;-113;130;106;34
19/12/2022;11:40:08.538;-113;130;106;0
19/12/2022;11:40:08.585;-113;130;97;0
19/12/2022;11:40:08.679;-113;130;97;0
19/12/2022;11:40:08.710;-113;130;97;0
19/12/2022;11:40:08.804;-113;130;97;0
19/12/2022;11:40:08.851;-113;130;97;41
19/12/2022;11:40:08.929;-109;130;230;41
19/12/2022;11:40:08.976;-106;130;230;41
19/12/2022;11:40:09.023;-102;130;230;41
19/12/2022;11:40:09.116;-99;130;230;41
19/12/2022;11:40:09.163;-96;130;230;84
19/12/2022;11:40:09.210;-93;130;98;84
19/12/2022;11:40:09.304;-93;130;98;84
19/12/2022;11:40:09.335;-93;130;98;84
19/12/2022;11:40:09.413;-93;130;98;84
19/12/2022;11:40:09.492;-93;130;109;0
19/12/2022;11:40:09.538;-93;130;109;0
19/12/2022;11:40:09.585;-93;130;109;0
19/12/2022;11:40:09.663;-93;130;109;0
19/12/2022;11:40:09.710;-93;130;109;0
19/12/2022;11:40:09.788;-93;130;109;0
19/12/2022;11:40:09.835;-91;130;134;71
19/12/2022;11:40:09.929;-88;130;134;71
19/12/2022;11:40:09.992;-86;130;134;71
19/12/2022;11:40:10.038;-84;130;134;71
19/12/2022;11:40:10.132;-81;130;149;245
19/12/2022;11:40:10.179;-79;130;149;245
19/12/2022;11:40:10.226;-77;130;149;245
19/12/2022;11:40:10.273;-75;130;149;245
19/12/2022;11:40:10.367;-73;130;149;245
19/12/2022;11:40:10.398;-71;130;149;245
19/12/2022;11:40:10.491;-70;130;69;172
19/12/2022;11:40:10.539;-70;130;69;172
19/12/2022;11:40:10.617;-70;130;69;172
19/12/2022;11:40:10.648;-70;130;69;172
19/12/2022;11:40:10.726;-70;130;59;172
19/12/2022;11:40:10.773;-70;130;59;59
19/12/2022;11:40:10.851;-70;130;59;59
19/12/2022;11:40:10.898;-70;130;59;59
19/12/2022;11:40:10.976;-70;130;59;59
19/12/2022;11:40:11.054;-70;130;48;59
19/12/2022;11:40:11.101;-70;130;48;29
19/12/2022;11:40:11.163;-70;130;48;29
19/12/2022;11:40:11.210;-70;130;48;29
19/12/2022;11:40:11.288;-70;130;48;29
19/12/2022;11:40:11.367;-70;130;0;29
19/12/2022;11:40:11.398;-70;130;-32;0
19/12/2022;11:40:11.492;-70;130;-32;0
19/12/2022;11:40:11.538;-70;130;-32;0
19/12/2022;11:40:11.601;-70;130;-32;-27
19/12/2022;11:40:11.648;-70;130;-32;-27
19/12/2022;11:40:11.726;-70;130;-234;-27
19/12/2022;11:40:11.773;-77;130;-234;-27
19/12/2022;11:40:11.851;-81;130;-234;-27
19/12/2022;11:40:11.898;-85;130;-234;-27
19/12/2022;11:40:11.976;-92;130;-234;-76
19/12/2022;11:40:12.023;-93;130;-83;-76
19/12/2022;11:40:12.101;-93;130;-83;-76
19/12/2022;11:40:12.148;-93;130;-83;-76
19/12/2022;11:40:12.226;-93;130;-83;-76
19/12/2022;11:40:12.273;-93;130;-83;-92
19/12/2022;11:40:12.351;-93;130;-37;-92
19/12/2022;11:40:12.398;-93;130;-37;-92
19/12/2022;11:40:12.476;-93;130;-37;-92
19/12/2022;11:40:12.554;-93;130;-37;-74
19/12/2022;11:40:12.601;-93;130;-37;-74
19/12/2022;11:40:12.679;-97;130;-169;-74
19/12/2022;11:40:12.726;-97;130;-169;-74
19/12/2022;11:40:12.804;-101;130;-169;-74
19/12/2022;11:40:12.851;-104;130;-169;-65
19/12/2022;11:40:12.898;-106;130;-169;-65
19/12/2022;11:40:12.976;-111;130;-168;-65
19/12/2022;11:40:13.023;-113;130;-168;-65
19/12/2022;11:40:13.117;-116;130;-168;-65
19/12/2022;11:40:13.148;-118;130;-168;-46
19/12/2022;11:40:13.242;-122;130;0;-46
19/12/2022;11:40:13.304;-122;130;0;-46
19/12/2022;11:40:13.351;-122;130;0;-46
19/12/2022;11:40:13.398;-122;130;0;-46
19/12/2022;11:40:13.476;-122;130;0;-37
19/12/2022;11:40:13.523;-122;130;0;-37
19/12/2022;11:40:13.601;-122;130;0;-37
19/12/2022;11:40:13.679;-122;130;0;-37
19/12/2022;11:40:13.711;-122;130;0;-37
19/12/2022;11:40:13.789;-122;130;0;-57
19/12/2022;11:40:13.835;-122;130;0;-57
19/12/2022;11:40:13.914;-122;130;0;-57
19/12/2022;11:40:13.961;-122;130;0;-57
19/12/2022;11:40:14.039;-122;130;0;-57
19/12/2022;11:40:14.101;-122;130;0;-57
19/12/2022;11:40:14.148;-122;126;29;-311
19/12/2022;11:40:14.242;-122;119;29;-311
19/12/2022;11:40:14.289;-122;115;29;-311
19/12/2022;11:40:14.367;-122;112;29;-311
19/12/2022;11:40:14.414;-122;108;29;-311
19/12/2022;11:40:14.461;-122;105;0;-300
19/12/2022;11:40:14.539;-122;97;0;-300
19/12/2022;11:40:14.586;-122;94;0;-300
19/12/2022;11:40:14.679;-122;90;0;-300
19/12/2022;11:40:14.726;-122;86;0;-300
19/12/2022;11:40:14.773;-122;79;37;-375
19/12/2022;11:40:14.867;-122;75;37;-375
19/12/2022;11:40:14.914;-122;72;37;-375
19/12/2022;11:40:14.992;-122;64;37;-375
19/12/2022;11:40:15.039;-122;61;81;-379
19/12/2022;11:40:15.086;-122;57;81;-379
19/12/2022;11:40:15.179;-122;54;81;-379
19/12/2022;11:40:15.226;-122;50;81;-379
19/12/2022;11:40:15.320;-122;43;81;-379
19/12/2022;11:40:15.414;-122;35;103;-372
19/12/2022;11:40:15.476;-122;32;103;-372
19/12/2022;11:40:15.554;-122;24;103;-372
19/12/2022;11:40:15.601;-122;21;103;-372
19/12/2022;11:40:15.648;-122;17;126;-358
19/12/2022;11:40:15.742;-119;8;126;-358
19/12/2022;11:40:15.789;-117;4;126;-358
19/12/2022;11:40:15.836;-116;0;126;-358
19/12/2022;11:40:15.929;-112;-9;73;-258
19/12/2022;11:40:15.992;-112;-13;73;-258
19/12/2022;11:40:16.039;-112;-18;73;-258
19/12/2022;11:40:16.117;-112;-23;73;-258
19/12/2022;11:40:16.164;-112;-28;73;-258
19/12/2022;11:40:16.211;-112;-33;73;-258
19/12/2022;11:40:16.289;-111;-42;123;-295
19/12/2022;11:40:16.351;-110;-46;123;-295
19/12/2022;11:40:16.398;-108;-51;123;-295
19/12/2022;11:40:16.492;-105;-59;123;-295
19/12/2022;11:40:16.539;-103;-64;123;-295
19/12/2022;11:40:16.617;-102;-67;123;-213
19/12/2022;11:40:16.679;-101;-70;0;-213
19/12/2022;11:40:16.726;-101;-74;0;-213
19/12/2022;11:40:16.804;-101;-80;0;-213
19/12/2022;11:40:16.851;-101;-84;0;-213
19/12/2022;11:40:16.898;-101;-87;0;-196
19/12/2022;11:40:16.992;-101;-93;0;-196
19/12/2022;11:40:17.039;-101;-97;0;-196
19/12/2022;11:40:17.133;-101;-100;0;-196
19/12/2022;11:40:17.179;-101;-103;0;-196
19/12/2022;11:40:17.226;-101;-106;0;-136
19/12/2022;11:40:17.273;-101;-108;0;-136
19/12/2022;11:40:17.367;-101;-112;0;-136
19/12/2022;11:40:17.414;-101;-114;0;-136
19/12/2022;11:40:17.492;-101;-117;0;-51
19/12/2022;11:40:17.539;-101;-117;0;-51
19/12/2022;11:40:17.586;-101;-117;-37;-51
19/12/2022;11:40:17.680;-101;-117;-37;-51
19/12/2022;11:40:17.726;-101;-117;-37;-51
19/12/2022;11:40:17.773;-101;-117;-37;0
19/12/2022;11:40:17.867;-101;-117;-37;0
19/12/2022;11:40:17.914;-101;-117;-30;0
19/12/2022;11:40:17.961;-101;-117;-30;0
19/12/2022;11:40:18.055;-101;-117;-30;0
19/12/2022;11:40:18.086;-101;-117;-30;0
19/12/2022;11:40:18.180;-101;-117;-30;0
19/12/2022;11:40:18.226;-101;-117;-41;0
19/12/2022;11:40:18.305;-101;-117;-41;0
19/12/2022;11:40:18.351;-101;-117;-41;0
19/12/2022;11:40:18.398;-101;-117;-41;0
19/12/2022;11:40:18.492;-101;-117;-41;0
19/12/2022;11:40:18.539;-101;-117;0;0
19/12/2022;11:40:18.601;-101;-117;0;0
19/12/2022;11:40:18.680;-101;-117;0;0
19/12/2022;11:40:18.742;-101;-117;0;0
19/12/2022;11:40:18.789;-101;-117;0;0
19/12/2022;11:40:18.851;-101;-117;0;0
19/12/2022;11:40:18.930;-101;-117;0;0
19/12/2022;11:40:18.992;-101;-117;0;0
19/12/2022;11:40:19.039;-101;-117;0;0
19/12/2022;11:40:19.086;-101;-117;0;0
19/12/2022;11:40:19.180;-101;-117;0;0
19/12/2022;11:40:19.226;-101;-117;0;0
19/12/2022;11:40:19.273;-101;-117;0;0
19/12/2022;11:40:19.367;-101;-117;0;0
19/12/2022;11:40:19.430;-97;-117;192;0
19/12/2022;11:40:19.492;-94;-117;192;0
19/12/2022;11:40:19.555;-90;-117;192;0
19/12/2022;11:40:19.617;-87;-117;192;0
19/12/2022;11:40:19.680;-81;-117;35;0
19/12/2022;11:40:19.742;-81;-117;35;82
19/12/2022;11:40:19.820;-81;-117;35;82
19/12/2022;11:40:19.914;-81;-117;35;82
19/12/2022;11:40:19.961;-81;-117;35;82
19/12/2022;11:40:20.070;-78;-117;172;114
19/12/2022;11:40:20.195;-71;-113;172;114
19/12/2022;11:40:20.320;-67;-110;50;114
19/12/2022;11:40:20.398;-66;-108;50;104
19/12/2022;11:40:20.508;-66;-108;50;104
19/12/2022;11:40:20.602;-66;-108;50;104
19/12/2022;11:40:20.648;-63;-108;194;104
19/12/2022;11:40:20.758;-57;-108;194;65
19/12/2022;11:40:20.852;-50;-108;194;65
19/12/2022;11:40:20.914;-47;-108;194;65
19/12/2022;11:40:20.992;-46;-108;46;35
19/12/2022;11:40:21.055;-46;-108;46;35
19/12/2022;11:40:21.102;-46;-108;46;35
19/12/2022;11:40:21.180;-46;-108;46;35
19/12/2022;11:40:21.227;-43;-108;270;35
19/12/2022;11:40:21.289;-38;-108;270;0
19/12/2022;11:40:21.336;-34;-108;270;0
19/12/2022;11:40:21.430;-29;-108;270;0
19/12/2022;11:40:21.477;-19;-108;270;0
19/12/2022;11:40:21.539;-17;-108;0;0
19/12/2022;11:40:21.617;-17;-107;0;150
19/12/2022;11:40:21.680;-17;-105;0;150
19/12/2022;11:40:21.727;-17;-103;0;150
19/12/2022;11:40:21.820;-17;-99;0;150
19/12/2022;11:40:21.898;-12;-95;262;0
19/12/2022;11:40:22.008;-2;-95;262;0
19/12/2022;11:40:22.102;6;-95;262;0
19/12/2022;11:40:22.180;10;-94;0;257
19/12/2022;11:40:22.242;10;-90;0;257
19/12/2022;11:40:22.305;10;-85;0;257
19/12/2022;11:40:22.352;10;-80;0;257
19/12/2022;11:40:22.414;10;-76;0;257
19/12/2022;11:40:22.492;10;-66;108;0
19/12/2022;11:40:22.555;10;-66;108;0
19/12/2022;11:40:22.617;10;-66;108;0
19/12/2022;11:40:22.664;10;-66;108;0
19/12/2022;11:40:22.711;10;-66;108;0
19/12/2022;11:40:22.805;12;-66;124;0
19/12/2022;11:40:22.867;13;-64;124;145
19/12/2022;11:40:22.914;15;-62;124;145
19/12/2022;11:40:22.977;17;-60;124;145
19/12/2022;11:40:23.024;18;-58;124;145
19/12/2022;11:40:23.117;20;-54;0;145
19/12/2022;11:40:23.180;20;-53;0;0
19/12/2022;11:40:23.227;20;-53;0;0
19/12/2022;11:40:23.289;20;-53;0;0
19/12/2022;11:40:23.367;20;-53;0;0
19/12/2022;11:40:23.430;20;-53;27;0
19/12/2022;11:40:23.477;20;-53;27;0
19/12/2022;11:40:23.555;20;-53;27;0
19/12/2022;11:40:23.602;20;-53;27;0
19/12/2022;11:40:23.664;20;-53;27;0
19/12/2022;11:40:23.711;20;-53;31;0
19/12/2022;11:40:23.805;20;-53;31;0
19/12/2022;11:40:23.852;20;-53;31;0
19/12/2022;11:40:23.914;20;-53;31;0
19/12/2022;11:40:23.992;21;-53;129;0
19/12/2022;11:40:24.055;23;-53;129;0
19/12/2022;11:40:24.102;24;-53;129;0
19/12/2022;11:40:24.149;26;-53;129;0
19/12/2022;11:40:24.242;29;-53;129;0
19/12/2022;11:40:24.305;31;-53;94;0
19/12/2022;11:40:24.367;31;-53;94;26
19/12/2022;11:40:24.430;31;-53;94;26
19/12/2022;11:40:24.477;31;-53;94;26
19/12/2022;11:40:24.524;31;-53;94;26
19/12/2022;11:40:24.602;31;-53;262;26
19/12/2022;11:40:24.664;36;-53;262;26
19/12/2022;11:40:24.743;45;-53;262;32
19/12/2022;11:40:24.805;50;-53;262;32
19/12/2022;11:40:24.852;54;-53;262;32
19/12/2022;11:40:24.899;59;-53;262;32
19/12/2022;11:40:24.992;59;-53;36;32
19/12/2022;11:40:25.039;59;-53;36;55
19/12/2022;11:40:25.102;59;-53;36;55
19/12/2022;11:40:25.180;59;-53;36;55
19/12/2022;11:40:25.242;62;-53;192;55
19/12/2022;11:40:25.305;65;-53;192;55
19/12/2022;11:40:25.367;68;-53;192;0
19/12/2022;11:40:25.430;71;-53;192;0
19/12/2022;11:40:25.477;74;-53;192;0
19/12/2022;11:40:25.539;79;-53;54;0
19/12/2022;11:40:25.586;79;-53;54;0
19/12/2022;11:40:25.680;79;-53;54;0
19/12/2022;11:40:25.727;79;-53;54;0
19/12/2022;11:40:25.774;79;-53;54;0
19/12/2022;11:40:25.868;79;-53;87;0
19/12/2022;11:40:25.914;79;-53;87;0
19/12/2022;11:40:25.977;79;-53;87;0
19/12/2022;11:40:26.055;79;-53;87;0
19/12/2022;11:40:26.102;79;-53;87;0
19/12/2022;11:40:26.164;80;-53;112;0
19/12/2022;11:40:26.211;81;-53;112;0
19/12/2022;11:40:26.305;84;-53;112;0
19/12/2022;11:40:26.352;85;-53;112;0
19/12/2022;11:40:26.414;87;-53;112;0
19/12/2022;11:40:26.508;88;-53;68;0
19/12/2022;11:40:26.602;88;-53;68;0
19/12/2022;11:40:26.649;88;-53;68;0
19/12/2022;11:40:26.743;88;-53;133;0
19/12/2022;11:40:26.805;90;-53;133;0
19/12/2022;11:40:26.852;91;-53;133;0
19/12/2022;11:40:26.914;93;-53;133;0
19/12/2022;11:40:26.961;95;-53;133;0
19/12/2022;11:40:27.055;98;-53;133;0
19/12/2022;11:40:27.102;99;-53;102;0
19/12/2022;11:40:27.165;99;-53;102;0
19/12/2022;11:40:27.211;99;-53;102;0
19/12/2022;11:40:27.305;99;-53;102;0
19/12/2022;11:40:27.352;99;-53;102;0
19/12/2022;11:40:27.399;101;-53;238;0
19/12/2022;11:40:27.493;109;-53;238;0
19/12/2022;11:40:27.539;113;-53;238;0
19/12/2022;11:40:27.602;116;-53;238;0
19/12/2022;11:40:27.680;122;-53;45;0
19/12/2022;11:40:27.743;122;-53;45;0
19/12/2022;11:40:27.805;122;-53;45;0
19/12/2022;11:40:27.852;122;-53;45;0
19/12/2022;11:40:27.930;122;-53;45;0
19/12/2022;11:40:27.977;122;-53;0;0
19/12/2022;11:40:28.040;122;-53;0;0
19/12/2022;11:40:28.133;122;-53;0;0
19/12/2022;11:40:28.180;122;-53;0;0
19/12/2022;11:40:28.227;122;-53;0;0
19/12/2022;11:40:28.274;122;-53;0;0
19/12/2022;11:40:28.368;122;-53;0;0
19/12/2022;11:40:28.430;122;-53;0;0
19/12/2022;11:40:28.477;122;-53;0;0
19/12/2022;11:40:28.524;122;-53;0;0
19/12/2022;11:40:28.618;122;-53;0;0
19/12/2022;11:40:28.665;122;-53;0;0
19/12/2022;11:40:28.727;122;-53;0;0
19/12/2022;11:40:28.805;122;-53;0;0
19/12/2022;11:40:28.868;122;-53;0;0
19/12/2022;11:40:28.915;122;-53;0;0
19/12/2022;11:40:28.961;122;-53;0;-117
19/12/2022;11:40:29.055;122;-56;0;-117
19/12/2022;11:40:29.118;122;-58;0;-117
19/12/2022;11:40:29.165;122;-59;0;-117
19/12/2022;11:40:29.227;122;-61;0;-117
19/12/2022;11:40:29.290;122;-62;0;-117
19/12/2022;11:40:29.383;122;-69;0;-300
19/12/2022;11:40:29.477;122;-76;0;-300
19/12/2022;11:40:29.540;122;-84;0;-300
19/12/2022;11:40:29.633;122;-85;0;-72
19/12/2022;11:40:29.727;122;-85;0;-72
19/12/2022;11:40:29.774;122;-85;0;-72
19/12/2022;11:40:29.868;122;-85;0;-72
19/12/2022;11:40:29.915;122;-86;0;-131
19/12/2022;11:40:29.977;122;-87;0;-131
19/12/2022;11:40:30.024;122;-89;0;-131
19/12/2022;11:40:30.118;122;-93;0;-131
19/12/2022;11:40:30.165;122;-94;0;-131
19/12/2022;11:40:30.227;122;-95;26;-32
19/12/2022;11:40:30.290;122;-95;26;-32
19/12/2022;11:40:30.383;122;-95;26;-32
19/12/2022;11:40:30.431;122;-95;26;-32
19/12/2022;11:40:30.477;122;-95;26;-32
19/12/2022;11:40:30.540;122;-97;0;-113
19/12/2022;11:40:30.602;122;-99;0;-113
19/12/2022;11:40:30.680;122;-102;0;-113
19/12/2022;11:40:30.743;122;-103;0;-113
19/12/2022;11:40:30.805;122;-105;0;-152
19/12/2022;11:40:30.852;122;-107;0;-152
19/12/2022;11:40:30.899;122;-109;0;-152
19/12/2022;11:40:31.009;122;-113;0;-152
19/12/2022;11:40:31.102;122;-117;0;-85
19/12/2022;11:40:31.165;122;-117;0;-85
19/12/2022;11:40:31.243;122;-117;0;-85
19/12/2022;11:40:31.306;122;-117;0;-85
19/12/2022;11:40:31.368;122;-117;0;-85
19/12/2022;11:40:31.431;122;-117;0;-85
19/12/2022;11:40:31.493;122;-117;0;101
19/12/2022;11:40:31.556;122;-117;0;101
19/12/2022;11:40:31.602;122;-117;0;101
19/12/2022;11:40:31.665;122;-117;0;101
19/12/2022;11:40:31.727;122;-117;0;101
19/12/2022;11:40:31.790;125;-115;139;151
19/12/2022;11:40:31.852;127;-113;139;151
19/12/2022;11:40:31.915;129;-111;139;151
19/12/2022;11:40:31.993;130;-109;139;151
19/12/2022;11:40:32.056;133;-105;68;151
19/12/2022;11:40:32.118;133;-104;68;0
19/12/2022;11:40:32.181;133;-104;68;0
19/12/2022;11:40:32.243;133;-104;68;0
19/12/2022;11:40:32.306;133;-104;68;0
19/12/2022;11:40:32.368;134;-104;114;0
19/12/2022;11:40:32.431;135;-104;114;0
19/12/2022;11:40:32.493;138;-104;114;0
19/12/2022;11:40:32.556;140;-104;114;0
19/12/2022;11:40:32.603;141;-104;114;0
19/12/2022;11:40:32.665;142;-104;0;0
19/12/2022;11:40:32.728;142;-104;0;-51
19/12/2022;11:40:32.790;142;-104;0;-51
19/12/2022;11:40:32.837;142;-104;0;-51
19/12/2022;11:40:32.931;142;-104;0;-51
19/12/2022;11:40:32.978;142;-104;0;-51
19/12/2022;11:40:33.040;142;-104;0;-49
19/12/2022;11:40:33.087;142;-104;-33;-49
19/12/2022;11:40:33.181;142;-104;-33;-49
19/12/2022;11:40:33.228;142;-104;-33;-49
19/12/2022;11:40:33.290;142;-104;-33;-44
19/12/2022;11:40:33.337;142;-104;-32;-44
19/12/2022;11:40:33.431;142;-104;-32;-44
19/12/2022;11:40:33.478;142;-104;-32;-44
19/12/2022;11:40:33.540;142;-104;-32;-44
19/12/2022;11:40:33.603;142;-104;-32;-44
19/12/2022;11:40:33.696;142;-104;-37;-34
19/12/2022;11:40:33.743;142;-104;-37;-34
19/12/2022;11:40:33.806;142;-104;-37;-34
19/12/2022;11:40:33.868;142;-104;-37;-34
19/12/2022;11:40:33.931;142;-104;-37;-34
19/12/2022;11:40:33.993;142;-104;-50;-37
19/12/2022;11:40:34.071;142;-104;-50;-37
19/12/2022;11:40:34.118;142;-104;-50;-37
19/12/2022;11:40:34.181;142;-104;-50;-37
19/12/2022;11:40:34.243;142;-104;-50;-46
19/12/2022;11:40:34.306;142;-104;-67;-46
19/12/2022;11:40:34.353;142;-104;-67;-46
19/12/2022;11:40:34.415;142;-104;-67;-46
19/12/2022;11:40:34.462;142;-104;-67;-46
19/12/2022;11:40:34.556;142;-104;-67;-33
19/12/2022;11:40:34.619;141;-104;-139;-33
19/12/2022;11:40:34.681;139;-104;-139;-33
19/12/2022;11:40:34.728;137;-104;-139;-33
19/12/2022;11:40:34.790;133;-104;-139;-33
19/12/2022;11:40:34.853;131;-104;-139;0
19/12/2022;11:40:34.915;130;-104;-148;0
19/12/2022;11:40:34.962;128;-104;-148;0
19/12/2022;11:40:35.071;124;-104;-148;0
19/12/2022;11:40:35.118;122;-104;-148;0
19/12/2022;11:40:35.181;120;-103;-148;425
19/12/2022;11:40:35.259;118;-96;-51;425
19/12/2022;11:40:35.384;118;-89;-51;425
19/12/2022;11:40:35.446;118;-81;-51;319
19/12/2022;11:40:35.493;118;-78;-105;319
19/12/2022;11:40:35.556;118;-74;-105;319
19/12/2022;11:40:35.618;118;-70;-105;319
19/12/2022;11:40:35.665;118;-67;-105;319
19/12/2022;11:40:35.728;118;-63;-105;319
19/12/2022;11:40:35.775;118;-59;-105;319
19/12/2022;11:40:35.884;114;-55;-640;0
19/12/2022;11:40:35.993;103;-55;-640;0
19/12/2022;11:40:36.040;99;-55;-640;0
19/12/2022;11:40:36.103;95;-55;-640;0
19/12/2022;11:40:36.150;91;-55;-800;40
19/12/2022;11:40:36.212;87;-55;-800;40
19/12/2022;11:40:36.322;80;-55;-800;40
19/12/2022;11:40:36.368;76;-55;-800;40
19/12/2022;11:40:36.431;72;-55;-800;40
19/12/2022;11:40:36.478;68;-55;-540;91
19/12/2022;11:40:36.541;60;-55;-540;91
19/12/2022;11:40:36.603;57;-55;-540;91
19/12/2022;11:40:36.650;53;-55;-540;91
19/12/2022;11:40:36.759;45;-53;-432;400
19/12/2022;11:40:36.868;35;-43;-432;400
19/12/2022;11:40:36.931;30;-38;-432;400
19/12/2022;11:40:36.993;21;-29;-432;400
19/12/2022;11:40:37.056;16;-25;-304;177
19/12/2022;11:40:37.119;12;-23;-304;177
19/12/2022;11:40:37.181;7;-20;-304;177
19/12/2022;11:40:37.244;0;-16;-304;177
19/12/2022;11:40:37.306;-5;-14;-304;177
19/12/2022;11:40:37.369;-9;-11;-271;220
19/12/2022;11:40:37.431;-14;-8;-271;220
19/12/2022;11:40:37.494;-23;-2;-271;220
19/12/2022;11:40:37.556;-28;0;-271;220
19/12/2022;11:40:37.619;-32;3;-271;220
19/12/2022;11:40:37.681;-37;6;-235;175
19/12/2022;11:40:37.744;-41;9;-235;175
19/12/2022;11:40:37.806;-48;14;-235;175
19/12/2022;11:40:37.868;-52;16;-235;175
19/12/2022;11:40:37.931;-55;19;-235;175
19/12/2022;11:40:37.978;-59;21;-235;175
19/12/2022;11:40:38.056;-68;27;-260;195
19/12/2022;11:40:38.103;-72;30;-260;195
19/12/2022;11:40:38.165;-77;33;-260;195
19/12/2022;11:40:38.228;-82;36;-260;195
19/12/2022;11:40:38.290;-89;40;-191;66
19/12/2022;11:40:38.353;-92;40;-191;66
19/12/2022;11:40:38.416;-95;40;-191;66
19/12/2022;11:40:38.478;-98;40;-191;66
19/12/2022;11:40:38.540;-101;40;-191;66
19/12/2022;11:40:38.634;-106;41;-130;121
19/12/2022;11:40:38.744;-111;46;-130;121
19/12/2022;11:40:38.806;-113;48;-130;121
19/12/2022;11:40:38.869;-115;50;-130;121
19/12/2022;11:40:38.931;-115;50;-33;0
19/12/2022;11:40:38.994;-115;50;-33;0
19/12/2022;11:40:39.041;-115;50;-33;0
19/12/2022;11:40:39.103;-115;50;-33;0
19/12/2022;11:40:39.150;-115;50;-33;0
19/12/2022;11:40:39.244;-115;50;0;0
19/12/2022;11:40:39.306;-115;50;0;0
19/12/2022;11:40:39.369;-115;50;0;0
19/12/2022;11:40:39.431;-115;50;0;0
19/12/2022;11:40:39.478;-115;50;0;0
19/12/2022;11:40:39.541;-115;50;0;0
19/12/2022;11:40:39.603;-115;50;0;0
19/12/2022;11:40:39.697;-115;50;0;0
19/12/2022;11:40:39.791;-115;50;0;0
19/12/2022;11:40:39.853;-115;50;0;0
19/12/2022;11:40:39.916;-115;50;0;0
19/12/2022;11:40:40.009;-115;50;0;0
19/12/2022;11:40:40.103;-115;50;0;0
19/12/2022;11:40:40.166;-115;50;0;0
19/12/2022;11:40:40.228;-115;50;0;0
19/12/2022;11:40:40.291;-115;50;0;0
19/12/2022;11:40:40.353;-115;50;0;0
19/12/2022;11:40:40.400;-115;50;0;0
19/12/2022;11:40:40.509;-115;56;0;487
19/12/2022;11:40:40.619;-115;64;0;487
19/12/2022;11:40:40.681;-115;67;0;487
19/12/2022;11:40:40.744;-115;71;0;487
19/12/2022;11:40:40.806;-115;78;0;384
19/12/2022;11:40:40.869;-115;82;0;384
19/12/2022;11:40:40.931;-115;85;0;384
19/12/2022;11:40:40.978;-115;89;0;384
19/12/2022;11:40:41.041;-115;94;0;0
19/12/2022;11:40:41.119;-115;94;0;0
19/12/2022;11:40:41.166;-115;94;0;0
19/12/2022;11:40:41.228;-115;94;0;0
19/12/2022;11:40:41.291;-115;94;0;0
19/12/2022;11:40:41.353;-115;94;0;0
19/12/2022;11:40:41.416;-115;94;0;0
19/12/2022;11:40:41.478;-115;94;0;0
19/12/2022;11:40:41.541;-115;94;0;0
19/12/2022;11:40:41.603;-115;94;0;0
19/12/2022;11:40:41.681;-115;94;0;0
19/12/2022;11:40:41.744;-115;94;0;0
19/12/2022;11:40:41.806;-115;94;0;0
19/12/2022;11:40:41.869;-115;94;0;0
19/12/2022;11:40:41.931;-115;94;0;0
19/12/2022;11:40:41.994;-115;94;-35;114
19/12/2022;11:40:42.056;-115;96;-35;114
19/12/2022;11:40:42.119;-115;97;-35;114
19/12/2022;11:40:42.181;-115;99;-35;114
19/12/2022;11:40:42.259;-115;102;-35;114
19/12/2022;11:40:42.322;-115;103;-35;114
19/12/2022;11:40:42.431;-115;110;-33;491
19/12/2022;11:40:42.509;-115;117;-33;491
19/12/2022;11:40:42.572;-115;121;-33;491
19/12/2022;11:40:42.681;-115;125;0;0
19/12/2022;11:40:42.759;-115;125;0;0
19/12/2022;11:40:42.869;-115;125;0;0
19/12/2022;11:40:42.931;-115;125;0;0
19/12/2022;11:40:42.994;-115;125;0;0
19/12/2022;11:40:43.056;-115;125;0;0
19/12/2022;11:40:43.119;-115;125;0;0
19/12/2022;11:40:43.181;-115;125;0;0
19/12/2022;11:40:43.228;-115;125;0;0
19/12/2022;11:40:43.291;-115;125;0;0
19/12/2022;11:40:43.353;-115;125;0;0
19/12/2022;11:40:43.416;-115;125;0;0
19/12/2022;11:40:43.478;-114;125;458;0
19/12/2022;11:40:43.556;-107;125;458;0
19/12/2022;11:40:43.619;-103;125;458;0
19/12/2022;11:40:43.681;-99;125;458;0
19/12/2022;11:40:43.744;-96;125;458;0
19/12/2022;11:40:43.806;-88;125;613;0
19/12/2022;11:40:43.869;-85;125;613;37
19/12/2022;11:40:43.931;-81;125;613;37
19/12/2022;11:40:43.994;-74;125;613;37
19/12/2022;11:40:44.056;-70;125;613;37
19/12/2022;11:40:44.119;-67;125;791;37
19/12/2022;11:40:44.181;-63;125;791;60
19/12/2022;11:40:44.244;-59;125;791;60
19/12/2022;11:40:44.307;-52;125;791;60
19/12/2022;11:40:44.369;-48;125;791;60
19/12/2022;11:40:44.432;-45;125;865;60
19/12/2022;11:40:44.494;-48;125;865;60
19/12/2022;11:40:44.557;-55;125;865;73
19/12/2022;11:40:44.619;-59;125;865;73
19/12/2022;11:40:44.681;-62;125;865;73
19/12/2022;11:40:44.744;-64;125;1463;73
19/12/2022;11:40:44.807;-61;125;1463;0
19/12/2022;11:40:44.869;-57;125;1463;0
19/12/2022;11:40:44.932;-53;125;1463;0
19/12/2022;11:40:44.994;-46;125;1463;0
19/12/2022;11:40:45.057;-45;125;0;0
19/12/2022;11:40:45.119;-45;127;0;120
19/12/2022;11:40:45.197;-45;128;0;120
19/12/2022;11:40:45.260;-45;130;0;120
19/12/2022;11:40:45.369;-44;130;172;120
19/12/2022;11:40:45.447;-39;130;172;0
19/12/2022;11:40:45.557;-34;130;172;0
19/12/2022;11:40:45.619;-31;130;172;0
19/12/2022;11:40:45.682;-29;130;172;0
19/12/2022;11:40:45.744;-27;130;54;123
19/12/2022;11:40:45.822;-27;130;54;123
19/12/2022;11:40:45.869;-27;130;54;123
19/12/2022;11:40:45.932;-27;130;54;123
19/12/2022;11:40:45.994;-27;130;239;47
19/12/2022;11:40:46.057;-23;130;239;47
19/12/2022;11:40:46.119;-19;130;239;47
19/12/2022;11:40:46.182;-15;130;239;47
19/12/2022;11:40:46.244;-8;130;239;47
19/12/2022;11:40:46.322;-5;130;43;101
19/12/2022;11:40:46.432;-5;130;43;101
19/12/2022;11:40:46.494;-5;130;43;101
19/12/2022;11:40:46.557;-5;130;43;101
19/12/2022;11:40:46.619;-5;130;302;26
19/12/2022;11:40:46.682;-1;130;302;26
19/12/2022;11:40:46.744;5;130;302;26
19/12/2022;11:40:46.807;8;130;302;26
19/12/2022;11:40:46.869;12;130;302;26
19/12/2022;11:40:46.947;18;130;158;75
19/12/2022;11:40:47.057;23;130;158;75
19/12/2022;11:40:47.119;25;130;158;75
19/12/2022;11:40:47.182;27;130;158;75
19/12/2022;11:40:47.244;29;130;158;75
19/12/2022;11:40:47.322;38;130;268;58
19/12/2022;11:40:47.385;43;130;268;58
19/12/2022;11:40:47.432;47;130;268;58
19/12/2022;11:40:47.494;57;130;268;58
19/12/2022;11:40:47.557;60;130;114;132
19/12/2022;11:40:47.635;61;130;114;132
19/12/2022;11:40:47.744;64;130;114;132
19/12/2022;11:40:47.807;67;130;114;132
19/12/2022;11:40:47.870;69;130;296;105
19/12/2022;11:40:47.932;73;130;296;105
19/12/2022;11:40:47.994;76;130;296;105
19/12/2022;11:40:48.057;84;130;296;105
19/12/2022;11:40:48.119;87;130;296;105
19/12/2022;11:40:48.182;91;130;133;127
19/12/2022;11:40:48.244;92;130;133;127
19/12/2022;11:40:48.307;96;130;133;127
19/12/2022;11:40:48.369;98;130;133;127
19/12/2022;11:40:48.432;100;130;133;127
19/12/2022;11:40:48.494;104;130;178;110
19/12/2022;11:40:48.557;107;130;178;110
19/12/2022;11:40:48.619;109;130;178;110
19/12/2022;11:40:48.682;112;130;178;110
19/12/2022;11:40:48.744;117;130;238;76
19/12/2022;11:40:48.822;120;130;238;76
19/12/2022;11:40:48.932;128;130;238;76
19/12/2022;11:40:48.995;135;130;238;76
19/12/2022;11:40:49.057;139;130;238;76
19/12/2022;11:40:49.135;140;130;31;26
19/12/2022;11:40:49.213;140;130;31;26
19/12/2022;11:40:49.291;140;130;31;26
19/12/2022;11:40:49.354;140;130;31;26
19/12/2022;11:40:49.432;140;130;0;0
19/12/2022;11:40:49.494;140;130;0;0
19/12/2022;11:40:49.572;140;130;0;0
19/12/2022;11:40:49.635;140;130;0;0
19/12/2022;11:40:49.760;140;130;0;0
19/12/2022;11:40:49.885;140;130;0;0
19/12/2022;11:40:49.994;140;130;0;0
19/12/2022;11:40:50.072;140;130;0;0
19/12/2022;11:40:50.182;140;130;0;0
19/12/2022;11:40:50.260;140;130;0;0
